"","n","Obs","Sim","r","IOA","FA2","RMSE","MB","ME","GE","MFB (%)","MFE (%)","NMB (%)","NME (%)"
"site a",100,51.1293005356645,50.5,0.998854462940601,0.97458512125084,0.98,1.54291425451555,-0.629300535664509,1.27939614623776,1.27939614623776,23.1541139156707,29.5046840906269,-1.23080216054501,2.50227586302562
"site b",100,51.1293005356645,50.7466411467819,0.998096880839409,0.970315435854277,0.98,1.83695865547254,-0.38265938888258,1.49433398229532,1.49433398229532,23.9535429088395,33.1578871260637,-0.74841506704294,2.9226568066445
"site c",100,51.1293005356645,51.1819688653999,0.998307755757315,0.972513091236554,0.99,1.70985931392867,0.0526683297353781,1.38370304619707,1.38370304619707,12.421438989254,16.4049539950857,0.103010072861529,2.70628197863158
